frame.number,frame.time_epoch,frame.time,eth.src,eth.dst,ip.src,ip.dst,ip.proto,icmp.type,icmp.code,icmp.seq,frame.len
"1","1759868262.654072170","Oct  7, 2025 14:17:42.654072170 CST","7e:24:8b:54:c2:dd","92:40:1c:4d:15:9e","10.0.0.1","10.0.0.2","1","8","0","1","98"
"2","1759868262.654456920","Oct  7, 2025 14:17:42.654456920 CST","92:40:1c:4d:15:9e","7e:24:8b:54:c2:dd","10.0.0.2","10.0.0.1","1","0","0","1","98"
"3","1759868263.656514929","Oct  7, 2025 14:17:43.656514929 CST","7e:24:8b:54:c2:dd","92:40:1c:4d:15:9e","10.0.0.1","10.0.0.2","1","8","0","2","98"
"4","1759868263.656548478","Oct  7, 2025 14:17:43.656548478 CST","92:40:1c:4d:15:9e","7e:24:8b:54:c2:dd","10.0.0.2","10.0.0.1","1","0","0","2","98"
"5","1759868264.680522791","Oct  7, 2025 14:17:44.680522791 CST","7e:24:8b:54:c2:dd","92:40:1c:4d:15:9e","10.0.0.1","10.0.0.2","1","8","0","3","98"
"6","1759868264.680557630","Oct  7, 2025 14:17:44.680557630 CST","92:40:1c:4d:15:9e","7e:24:8b:54:c2:dd","10.0.0.2","10.0.0.1","1","0","0","3","98"
"7","1759868265.704588422","Oct  7, 2025 14:17:45.704588422 CST","7e:24:8b:54:c2:dd","92:40:1c:4d:15:9e","10.0.0.1","10.0.0.2","1","8","0","4","98"
"8","1759868265.704637154","Oct  7, 2025 14:17:45.704637154 CST","92:40:1c:4d:15:9e","7e:24:8b:54:c2:dd","10.0.0.2","10.0.0.1","1","0","0","4","98"
"9","1759868266.728560500","Oct  7, 2025 14:17:46.728560500 CST","7e:24:8b:54:c2:dd","92:40:1c:4d:15:9e","10.0.0.1","10.0.0.2","1","8","0","5","98"
"10","1759868266.728605628","Oct  7, 2025 14:17:46.728605628 CST","92:40:1c:4d:15:9e","7e:24:8b:54:c2:dd","10.0.0.2","10.0.0.1","1","0","0","5","98"
"11","1759868267.753668912","Oct  7, 2025 14:17:47.753668912 CST","7e:24:8b:54:c2:dd","92:40:1c:4d:15:9e","10.0.0.1","10.0.0.2","1","8","0","6","98"
"12","1759868267.753712584","Oct  7, 2025 14:17:47.753712584 CST","92:40:1c:4d:15:9e","7e:24:8b:54:c2:dd","10.0.0.2","10.0.0.1","1","0","0","6","98"
"13","1759868268.776606462","Oct  7, 2025 14:17:48.776606462 CST","7e:24:8b:54:c2:dd","92:40:1c:4d:15:9e","10.0.0.1","10.0.0.2","1","8","0","7","98"
"14","1759868268.776643175","Oct  7, 2025 14:17:48.776643175 CST","92:40:1c:4d:15:9e","7e:24:8b:54:c2:dd","10.0.0.2","10.0.0.1","1","0","0","7","98"
"15","1759868269.800536829","Oct  7, 2025 14:17:49.800536829 CST","7e:24:8b:54:c2:dd","92:40:1c:4d:15:9e","10.0.0.1","10.0.0.2","1","8","0","8","98"
"16","1759868269.800570092","Oct  7, 2025 14:17:49.800570092 CST","92:40:1c:4d:15:9e","7e:24:8b:54:c2:dd","10.0.0.2","10.0.0.1","1","0","0","8","98"
"17","1759868270.824561549","Oct  7, 2025 14:17:50.824561549 CST","7e:24:8b:54:c2:dd","92:40:1c:4d:15:9e","10.0.0.1","10.0.0.2","1","8","0","9","98"
"18","1759868270.824595709","Oct  7, 2025 14:17:50.824595709 CST","92:40:1c:4d:15:9e","7e:24:8b:54:c2:dd","10.0.0.2","10.0.0.1","1","0","0","9","98"
"19","1759868271.848449766","Oct  7, 2025 14:17:51.848449766 CST","7e:24:8b:54:c2:dd","92:40:1c:4d:15:9e","10.0.0.1","10.0.0.2","1","8","0","10","98"
"20","1759868271.848491991","Oct  7, 2025 14:17:51.848491991 CST","92:40:1c:4d:15:9e","7e:24:8b:54:c2:dd","10.0.0.2","10.0.0.1","1","0","0","10","98"
"21","1759868272.872522932","Oct  7, 2025 14:17:52.872522932 CST","7e:24:8b:54:c2:dd","92:40:1c:4d:15:9e","10.0.0.1","10.0.0.2","1","8","0","11","98"
"22","1759868272.872554634","Oct  7, 2025 14:17:52.872554634 CST","92:40:1c:4d:15:9e","7e:24:8b:54:c2:dd","10.0.0.2","10.0.0.1","1","0","0","11","98"
"23","1759868273.896584108","Oct  7, 2025 14:17:53.896584108 CST","7e:24:8b:54:c2:dd","92:40:1c:4d:15:9e","10.0.0.1","10.0.0.2","1","8","0","12","98"
"24","1759868273.896624479","Oct  7, 2025 14:17:53.896624479 CST","92:40:1c:4d:15:9e","7e:24:8b:54:c2:dd","10.0.0.2","10.0.0.1","1","0","0","12","98"
"25","1759868274.920499038","Oct  7, 2025 14:17:54.920499038 CST","7e:24:8b:54:c2:dd","92:40:1c:4d:15:9e","10.0.0.1","10.0.0.2","1","8","0","13","98"
"26","1759868274.920532651","Oct  7, 2025 14:17:54.920532651 CST","92:40:1c:4d:15:9e","7e:24:8b:54:c2:dd","10.0.0.2","10.0.0.1","1","0","0","13","98"
"27","1759868275.944549519","Oct  7, 2025 14:17:55.944549519 CST","7e:24:8b:54:c2:dd","92:40:1c:4d:15:9e","10.0.0.1","10.0.0.2","1","8","0","14","98"
"28","1759868275.944581871","Oct  7, 2025 14:17:55.944581871 CST","92:40:1c:4d:15:9e","7e:24:8b:54:c2:dd","10.0.0.2","10.0.0.1","1","0","0","14","98"
"29","1759868276.968545116","Oct  7, 2025 14:17:56.968545116 CST","7e:24:8b:54:c2:dd","92:40:1c:4d:15:9e","10.0.0.1","10.0.0.2","1","8","0","15","98"
"30","1759868276.968582236","Oct  7, 2025 14:17:56.968582236 CST","92:40:1c:4d:15:9e","7e:24:8b:54:c2:dd","10.0.0.2","10.0.0.1","1","0","0","15","98"
"31","1759868277.992445047","Oct  7, 2025 14:17:57.992445047 CST","7e:24:8b:54:c2:dd","92:40:1c:4d:15:9e","10.0.0.1","10.0.0.2","1","8","0","16","98"
"32","1759868277.992477450","Oct  7, 2025 14:17:57.992477450 CST","92:40:1c:4d:15:9e","7e:24:8b:54:c2:dd","10.0.0.2","10.0.0.1","1","0","0","16","98"
"33","1759868279.016565008","Oct  7, 2025 14:17:59.016565008 CST","7e:24:8b:54:c2:dd","92:40:1c:4d:15:9e","10.0.0.1","10.0.0.2","1","8","0","17","98"
"34","1759868279.016598418","Oct  7, 2025 14:17:59.016598418 CST","92:40:1c:4d:15:9e","7e:24:8b:54:c2:dd","10.0.0.2","10.0.0.1","1","0","0","17","98"
"35","1759868280.041521852","Oct  7, 2025 14:18:00.041521852 CST","7e:24:8b:54:c2:dd","92:40:1c:4d:15:9e","10.0.0.1","10.0.0.2","1","8","0","18","98"
"36","1759868280.041554707","Oct  7, 2025 14:18:00.041554707 CST","92:40:1c:4d:15:9e","7e:24:8b:54:c2:dd","10.0.0.2","10.0.0.1","1","0","0","18","98"
"37","1759868281.064676590","Oct  7, 2025 14:18:01.064676590 CST","7e:24:8b:54:c2:dd","92:40:1c:4d:15:9e","10.0.0.1","10.0.0.2","1","8","0","19","98"
"38","1759868281.064718186","Oct  7, 2025 14:18:01.064718186 CST","92:40:1c:4d:15:9e","7e:24:8b:54:c2:dd","10.0.0.2","10.0.0.1","1","0","0","19","98"
"39","1759868282.088633799","Oct  7, 2025 14:18:02.088633799 CST","7e:24:8b:54:c2:dd","92:40:1c:4d:15:9e","10.0.0.1","10.0.0.2","1","8","0","20","98"
"40","1759868282.088665503","Oct  7, 2025 14:18:02.088665503 CST","92:40:1c:4d:15:9e","7e:24:8b:54:c2:dd","10.0.0.2","10.0.0.1","1","0","0","20","98"
"41","1759868283.112440727","Oct  7, 2025 14:18:03.112440727 CST","7e:24:8b:54:c2:dd","92:40:1c:4d:15:9e","10.0.0.1","10.0.0.2","1","8","0","21","98"
"42","1759868283.112472310","Oct  7, 2025 14:18:03.112472310 CST","92:40:1c:4d:15:9e","7e:24:8b:54:c2:dd","10.0.0.2","10.0.0.1","1","0","0","21","98"
"43","1759868284.136425636","Oct  7, 2025 14:18:04.136425636 CST","7e:24:8b:54:c2:dd","92:40:1c:4d:15:9e","10.0.0.1","10.0.0.2","1","8","0","22","98"
"44","1759868284.136464312","Oct  7, 2025 14:18:04.136464312 CST","92:40:1c:4d:15:9e","7e:24:8b:54:c2:dd","10.0.0.2","10.0.0.1","1","0","0","22","98"
"45","1759868285.160430868","Oct  7, 2025 14:18:05.160430868 CST","7e:24:8b:54:c2:dd","92:40:1c:4d:15:9e","10.0.0.1","10.0.0.2","1","8","0","23","98"
"46","1759868285.160460510","Oct  7, 2025 14:18:05.160460510 CST","92:40:1c:4d:15:9e","7e:24:8b:54:c2:dd","10.0.0.2","10.0.0.1","1","0","0","23","98"
"47","1759868286.184551481","Oct  7, 2025 14:18:06.184551481 CST","7e:24:8b:54:c2:dd","92:40:1c:4d:15:9e","10.0.0.1","10.0.0.2","1","8","0","24","98"
"48","1759868286.184586046","Oct  7, 2025 14:18:06.184586046 CST","92:40:1c:4d:15:9e","7e:24:8b:54:c2:dd","10.0.0.2","10.0.0.1","1","0","0","24","98"
"49","1759868287.208607234","Oct  7, 2025 14:18:07.208607234 CST","7e:24:8b:54:c2:dd","92:40:1c:4d:15:9e","10.0.0.1","10.0.0.2","1","8","0","25","98"
"50","1759868287.208652312","Oct  7, 2025 14:18:07.208652312 CST","92:40:1c:4d:15:9e","7e:24:8b:54:c2:dd","10.0.0.2","10.0.0.1","1","0","0","25","98"
"51","1759868288.232450999","Oct  7, 2025 14:18:08.232450999 CST","7e:24:8b:54:c2:dd","92:40:1c:4d:15:9e","10.0.0.1","10.0.0.2","1","8","0","26","98"
"52","1759868288.232490769","Oct  7, 2025 14:18:08.232490769 CST","92:40:1c:4d:15:9e","7e:24:8b:54:c2:dd","10.0.0.2","10.0.0.1","1","0","0","26","98"
"53","1759868289.256603518","Oct  7, 2025 14:18:09.256603518 CST","7e:24:8b:54:c2:dd","92:40:1c:4d:15:9e","10.0.0.1","10.0.0.2","1","8","0","27","98"
"54","1759868289.256636269","Oct  7, 2025 14:18:09.256636269 CST","92:40:1c:4d:15:9e","7e:24:8b:54:c2:dd","10.0.0.2","10.0.0.1","1","0","0","27","98"
"55","1759868290.280633933","Oct  7, 2025 14:18:10.280633933 CST","7e:24:8b:54:c2:dd","92:40:1c:4d:15:9e","10.0.0.1","10.0.0.2","1","8","0","28","98"
"56","1759868290.280667735","Oct  7, 2025 14:18:10.280667735 CST","92:40:1c:4d:15:9e","7e:24:8b:54:c2:dd","10.0.0.2","10.0.0.1","1","0","0","28","98"
"57","1759868291.304555666","Oct  7, 2025 14:18:11.304555666 CST","7e:24:8b:54:c2:dd","92:40:1c:4d:15:9e","10.0.0.1","10.0.0.2","1","8","0","29","98"
"58","1759868291.304589566","Oct  7, 2025 14:18:11.304589566 CST","92:40:1c:4d:15:9e","7e:24:8b:54:c2:dd","10.0.0.2","10.0.0.1","1","0","0","29","98"
"59","1759868292.328654837","Oct  7, 2025 14:18:12.328654837 CST","7e:24:8b:54:c2:dd","92:40:1c:4d:15:9e","10.0.0.1","10.0.0.2","1","8","0","30","98"
"60","1759868292.328687649","Oct  7, 2025 14:18:12.328687649 CST","92:40:1c:4d:15:9e","7e:24:8b:54:c2:dd","10.0.0.2","10.0.0.1","1","0","0","30","98"
"61","1759868293.352462272","Oct  7, 2025 14:18:13.352462272 CST","7e:24:8b:54:c2:dd","92:40:1c:4d:15:9e","10.0.0.1","10.0.0.2","1","8","0","31","98"
"62","1759868293.352493269","Oct  7, 2025 14:18:13.352493269 CST","92:40:1c:4d:15:9e","7e:24:8b:54:c2:dd","10.0.0.2","10.0.0.1","1","0","0","31","98"
"63","1759868294.376547454","Oct  7, 2025 14:18:14.376547454 CST","7e:24:8b:54:c2:dd","92:40:1c:4d:15:9e","10.0.0.1","10.0.0.2","1","8","0","32","98"
"64","1759868294.376589500","Oct  7, 2025 14:18:14.376589500 CST","92:40:1c:4d:15:9e","7e:24:8b:54:c2:dd","10.0.0.2","10.0.0.1","1","0","0","32","98"
"65","1759868295.400533822","Oct  7, 2025 14:18:15.400533822 CST","7e:24:8b:54:c2:dd","92:40:1c:4d:15:9e","10.0.0.1","10.0.0.2","1","8","0","33","98"
"66","1759868295.400567639","Oct  7, 2025 14:18:15.400567639 CST","92:40:1c:4d:15:9e","7e:24:8b:54:c2:dd","10.0.0.2","10.0.0.1","1","0","0","33","98"
"67","1759868296.424589557","Oct  7, 2025 14:18:16.424589557 CST","7e:24:8b:54:c2:dd","92:40:1c:4d:15:9e","10.0.0.1","10.0.0.2","1","8","0","34","98"
"68","1759868296.424620903","Oct  7, 2025 14:18:16.424620903 CST","92:40:1c:4d:15:9e","7e:24:8b:54:c2:dd","10.0.0.2","10.0.0.1","1","0","0","34","98"
"69","1759868297.448537574","Oct  7, 2025 14:18:17.448537574 CST","7e:24:8b:54:c2:dd","92:40:1c:4d:15:9e","10.0.0.1","10.0.0.2","1","8","0","35","98"
"70","1759868297.448572254","Oct  7, 2025 14:18:17.448572254 CST","92:40:1c:4d:15:9e","7e:24:8b:54:c2:dd","10.0.0.2","10.0.0.1","1","0","0","35","98"
"71","1759868298.472511080","Oct  7, 2025 14:18:18.472511080 CST","7e:24:8b:54:c2:dd","92:40:1c:4d:15:9e","10.0.0.1","10.0.0.2","1","8","0","36","98"
"72","1759868298.472544891","Oct  7, 2025 14:18:18.472544891 CST","92:40:1c:4d:15:9e","7e:24:8b:54:c2:dd","10.0.0.2","10.0.0.1","1","0","0","36","98"
"73","1759868299.496613518","Oct  7, 2025 14:18:19.496613518 CST","7e:24:8b:54:c2:dd","92:40:1c:4d:15:9e","10.0.0.1","10.0.0.2","1","8","0","37","98"
"74","1759868299.496657485","Oct  7, 2025 14:18:19.496657485 CST","92:40:1c:4d:15:9e","7e:24:8b:54:c2:dd","10.0.0.2","10.0.0.1","1","0","0","37","98"
"75","1759868300.520578674","Oct  7, 2025 14:18:20.520578674 CST","7e:24:8b:54:c2:dd","92:40:1c:4d:15:9e","10.0.0.1","10.0.0.2","1","8","0","38","98"
"76","1759868300.520621950","Oct  7, 2025 14:18:20.520621950 CST","92:40:1c:4d:15:9e","7e:24:8b:54:c2:dd","10.0.0.2","10.0.0.1","1","0","0","38","98"
"77","1759868301.544590509","Oct  7, 2025 14:18:21.544590509 CST","7e:24:8b:54:c2:dd","92:40:1c:4d:15:9e","10.0.0.1","10.0.0.2","1","8","0","39","98"
"78","1759868301.544623299","Oct  7, 2025 14:18:21.544623299 CST","92:40:1c:4d:15:9e","7e:24:8b:54:c2:dd","10.0.0.2","10.0.0.1","1","0","0","39","98"
"79","1759868302.568582823","Oct  7, 2025 14:18:22.568582823 CST","7e:24:8b:54:c2:dd","92:40:1c:4d:15:9e","10.0.0.1","10.0.0.2","1","8","0","40","98"
"80","1759868302.568617735","Oct  7, 2025 14:18:22.568617735 CST","92:40:1c:4d:15:9e","7e:24:8b:54:c2:dd","10.0.0.2","10.0.0.1","1","0","0","40","98"
"81","1759868303.592657719","Oct  7, 2025 14:18:23.592657719 CST","7e:24:8b:54:c2:dd","92:40:1c:4d:15:9e","10.0.0.1","10.0.0.2","1","8","0","41","98"
"82","1759868303.592687348","Oct  7, 2025 14:18:23.592687348 CST","92:40:1c:4d:15:9e","7e:24:8b:54:c2:dd","10.0.0.2","10.0.0.1","1","0","0","41","98"
"83","1759868304.616608675","Oct  7, 2025 14:18:24.616608675 CST","7e:24:8b:54:c2:dd","92:40:1c:4d:15:9e","10.0.0.1","10.0.0.2","1","8","0","42","98"
"84","1759868304.616643162","Oct  7, 2025 14:18:24.616643162 CST","92:40:1c:4d:15:9e","7e:24:8b:54:c2:dd","10.0.0.2","10.0.0.1","1","0","0","42","98"
"85","1759868305.640492708","Oct  7, 2025 14:18:25.640492708 CST","7e:24:8b:54:c2:dd","92:40:1c:4d:15:9e","10.0.0.1","10.0.0.2","1","8","0","43","98"
"86","1759868305.640536386","Oct  7, 2025 14:18:25.640536386 CST","92:40:1c:4d:15:9e","7e:24:8b:54:c2:dd","10.0.0.2","10.0.0.1","1","0","0","43","98"
"87","1759868306.664518109","Oct  7, 2025 14:18:26.664518109 CST","7e:24:8b:54:c2:dd","92:40:1c:4d:15:9e","10.0.0.1","10.0.0.2","1","8","0","44","98"
"88","1759868306.664562138","Oct  7, 2025 14:18:26.664562138 CST","92:40:1c:4d:15:9e","7e:24:8b:54:c2:dd","10.0.0.2","10.0.0.1","1","0","0","44","98"
"89","1759868307.688606607","Oct  7, 2025 14:18:27.688606607 CST","7e:24:8b:54:c2:dd","92:40:1c:4d:15:9e","10.0.0.1","10.0.0.2","1","8","0","45","98"
"90","1759868307.688651082","Oct  7, 2025 14:18:27.688651082 CST","92:40:1c:4d:15:9e","7e:24:8b:54:c2:dd","10.0.0.2","10.0.0.1","1","0","0","45","98"
"91","1759868308.712515047","Oct  7, 2025 14:18:28.712515047 CST","7e:24:8b:54:c2:dd","92:40:1c:4d:15:9e","10.0.0.1","10.0.0.2","1","8","0","46","98"
"92","1759868308.712545551","Oct  7, 2025 14:18:28.712545551 CST","92:40:1c:4d:15:9e","7e:24:8b:54:c2:dd","10.0.0.2","10.0.0.1","1","0","0","46","98"
"93","1759868309.736592772","Oct  7, 2025 14:18:29.736592772 CST","7e:24:8b:54:c2:dd","92:40:1c:4d:15:9e","10.0.0.1","10.0.0.2","1","8","0","47","98"
"94","1759868309.736625320","Oct  7, 2025 14:18:29.736625320 CST","92:40:1c:4d:15:9e","7e:24:8b:54:c2:dd","10.0.0.2","10.0.0.1","1","0","0","47","98"
"95","1759868310.760595677","Oct  7, 2025 14:18:30.760595677 CST","7e:24:8b:54:c2:dd","92:40:1c:4d:15:9e","10.0.0.1","10.0.0.2","1","8","0","48","98"
"96","1759868310.760629064","Oct  7, 2025 14:18:30.760629064 CST","92:40:1c:4d:15:9e","7e:24:8b:54:c2:dd","10.0.0.2","10.0.0.1","1","0","0","48","98"
"97","1759868311.784426611","Oct  7, 2025 14:18:31.784426611 CST","7e:24:8b:54:c2:dd","92:40:1c:4d:15:9e","10.0.0.1","10.0.0.2","1","8","0","49","98"
"98","1759868311.784454467","Oct  7, 2025 14:18:31.784454467 CST","92:40:1c:4d:15:9e","7e:24:8b:54:c2:dd","10.0.0.2","10.0.0.1","1","0","0","49","98"
"99","1759868312.808656521","Oct  7, 2025 14:18:32.808656521 CST","7e:24:8b:54:c2:dd","92:40:1c:4d:15:9e","10.0.0.1","10.0.0.2","1","8","0","50","98"
"100","1759868312.808700439","Oct  7, 2025 14:18:32.808700439 CST","92:40:1c:4d:15:9e","7e:24:8b:54:c2:dd","10.0.0.2","10.0.0.1","1","0","0","50","98"
"101","1759868313.832490693","Oct  7, 2025 14:18:33.832490693 CST","7e:24:8b:54:c2:dd","92:40:1c:4d:15:9e","10.0.0.1","10.0.0.2","1","8","0","51","98"
"102","1759868313.832551855","Oct  7, 2025 14:18:33.832551855 CST","92:40:1c:4d:15:9e","7e:24:8b:54:c2:dd","10.0.0.2","10.0.0.1","1","0","0","51","98"
"103","1759868314.856534217","Oct  7, 2025 14:18:34.856534217 CST","7e:24:8b:54:c2:dd","92:40:1c:4d:15:9e","10.0.0.1","10.0.0.2","1","8","0","52","98"
"104","1759868314.856565577","Oct  7, 2025 14:18:34.856565577 CST","92:40:1c:4d:15:9e","7e:24:8b:54:c2:dd","10.0.0.2","10.0.0.1","1","0","0","52","98"
"105","1759868315.880538764","Oct  7, 2025 14:18:35.880538764 CST","7e:24:8b:54:c2:dd","92:40:1c:4d:15:9e","10.0.0.1","10.0.0.2","1","8","0","53","98"
"106","1759868315.880575176","Oct  7, 2025 14:18:35.880575176 CST","92:40:1c:4d:15:9e","7e:24:8b:54:c2:dd","10.0.0.2","10.0.0.1","1","0","0","53","98"
"107","1759868316.904531578","Oct  7, 2025 14:18:36.904531578 CST","7e:24:8b:54:c2:dd","92:40:1c:4d:15:9e","10.0.0.1","10.0.0.2","1","8","0","54","98"
"108","1759868316.904566092","Oct  7, 2025 14:18:36.904566092 CST","92:40:1c:4d:15:9e","7e:24:8b:54:c2:dd","10.0.0.2","10.0.0.1","1","0","0","54","98"
"109","1759868317.928584117","Oct  7, 2025 14:18:37.928584117 CST","7e:24:8b:54:c2:dd","92:40:1c:4d:15:9e","10.0.0.1","10.0.0.2","1","8","0","55","98"
"110","1759868317.928616643","Oct  7, 2025 14:18:37.928616643 CST","92:40:1c:4d:15:9e","7e:24:8b:54:c2:dd","10.0.0.2","10.0.0.1","1","0","0","55","98"
"111","1759868318.952634801","Oct  7, 2025 14:18:38.952634801 CST","7e:24:8b:54:c2:dd","92:40:1c:4d:15:9e","10.0.0.1","10.0.0.2","1","8","0","56","98"
"112","1759868318.952667087","Oct  7, 2025 14:18:38.952667087 CST","92:40:1c:4d:15:9e","7e:24:8b:54:c2:dd","10.0.0.2","10.0.0.1","1","0","0","56","98"
"113","1759868319.976686511","Oct  7, 2025 14:18:39.976686511 CST","7e:24:8b:54:c2:dd","92:40:1c:4d:15:9e","10.0.0.1","10.0.0.2","1","8","0","57","98"
"114","1759868319.976732153","Oct  7, 2025 14:18:39.976732153 CST","92:40:1c:4d:15:9e","7e:24:8b:54:c2:dd","10.0.0.2","10.0.0.1","1","0","0","57","98"
"115","1759868321.000535257","Oct  7, 2025 14:18:41.000535257 CST","7e:24:8b:54:c2:dd","92:40:1c:4d:15:9e","10.0.0.1","10.0.0.2","1","8","0","58","98"
"116","1759868321.000580995","Oct  7, 2025 14:18:41.000580995 CST","92:40:1c:4d:15:9e","7e:24:8b:54:c2:dd","10.0.0.2","10.0.0.1","1","0","0","58","98"
"117","1759868322.024534533","Oct  7, 2025 14:18:42.024534533 CST","7e:24:8b:54:c2:dd","92:40:1c:4d:15:9e","10.0.0.1","10.0.0.2","1","8","0","59","98"
"118","1759868322.024568018","Oct  7, 2025 14:18:42.024568018 CST","92:40:1c:4d:15:9e","7e:24:8b:54:c2:dd","10.0.0.2","10.0.0.1","1","0","0","59","98"
"119","1759868323.048684578","Oct  7, 2025 14:18:43.048684578 CST","7e:24:8b:54:c2:dd","92:40:1c:4d:15:9e","10.0.0.1","10.0.0.2","1","8","0","60","98"
"120","1759868323.048732687","Oct  7, 2025 14:18:43.048732687 CST","92:40:1c:4d:15:9e","7e:24:8b:54:c2:dd","10.0.0.2","10.0.0.1","1","0","0","60","98"
"121","1759868324.072471520","Oct  7, 2025 14:18:44.072471520 CST","7e:24:8b:54:c2:dd","92:40:1c:4d:15:9e","10.0.0.1","10.0.0.2","1","8","0","61","98"
"122","1759868324.072518007","Oct  7, 2025 14:18:44.072518007 CST","92:40:1c:4d:15:9e","7e:24:8b:54:c2:dd","10.0.0.2","10.0.0.1","1","0","0","61","98"
"123","1759868325.096661667","Oct  7, 2025 14:18:45.096661667 CST","7e:24:8b:54:c2:dd","92:40:1c:4d:15:9e","10.0.0.1","10.0.0.2","1","8","0","62","98"
"124","1759868325.096693118","Oct  7, 2025 14:18:45.096693118 CST","92:40:1c:4d:15:9e","7e:24:8b:54:c2:dd","10.0.0.2","10.0.0.1","1","0","0","62","98"
"125","1759868326.120615506","Oct  7, 2025 14:18:46.120615506 CST","7e:24:8b:54:c2:dd","92:40:1c:4d:15:9e","10.0.0.1","10.0.0.2","1","8","0","63","98"
"126","1759868326.120650803","Oct  7, 2025 14:18:46.120650803 CST","92:40:1c:4d:15:9e","7e:24:8b:54:c2:dd","10.0.0.2","10.0.0.1","1","0","0","63","98"
"127","1759868327.144677457","Oct  7, 2025 14:18:47.144677457 CST","7e:24:8b:54:c2:dd","92:40:1c:4d:15:9e","10.0.0.1","10.0.0.2","1","8","0","64","98"
"128","1759868327.144722523","Oct  7, 2025 14:18:47.144722523 CST","92:40:1c:4d:15:9e","7e:24:8b:54:c2:dd","10.0.0.2","10.0.0.1","1","0","0","64","98"
"129","1759868328.168581587","Oct  7, 2025 14:18:48.168581587 CST","7e:24:8b:54:c2:dd","92:40:1c:4d:15:9e","10.0.0.1","10.0.0.2","1","8","0","65","98"
"130","1759868328.168615194","Oct  7, 2025 14:18:48.168615194 CST","92:40:1c:4d:15:9e","7e:24:8b:54:c2:dd","10.0.0.2","10.0.0.1","1","0","0","65","98"
"131","1759868329.192430840","Oct  7, 2025 14:18:49.192430840 CST","7e:24:8b:54:c2:dd","92:40:1c:4d:15:9e","10.0.0.1","10.0.0.2","1","8","0","66","98"
"132","1759868329.192462810","Oct  7, 2025 14:18:49.192462810 CST","92:40:1c:4d:15:9e","7e:24:8b:54:c2:dd","10.0.0.2","10.0.0.1","1","0","0","66","98"
"133","1759868330.216607469","Oct  7, 2025 14:18:50.216607469 CST","7e:24:8b:54:c2:dd","92:40:1c:4d:15:9e","10.0.0.1","10.0.0.2","1","8","0","67","98"
"134","1759868330.216651236","Oct  7, 2025 14:18:50.216651236 CST","92:40:1c:4d:15:9e","7e:24:8b:54:c2:dd","10.0.0.2","10.0.0.1","1","0","0","67","98"
"135","1759868331.240528934","Oct  7, 2025 14:18:51.240528934 CST","7e:24:8b:54:c2:dd","92:40:1c:4d:15:9e","10.0.0.1","10.0.0.2","1","8","0","68","98"
"136","1759868331.240571436","Oct  7, 2025 14:18:51.240571436 CST","92:40:1c:4d:15:9e","7e:24:8b:54:c2:dd","10.0.0.2","10.0.0.1","1","0","0","68","98"
"137","1759868332.264666639","Oct  7, 2025 14:18:52.264666639 CST","7e:24:8b:54:c2:dd","92:40:1c:4d:15:9e","10.0.0.1","10.0.0.2","1","8","0","69","98"
"138","1759868332.264700850","Oct  7, 2025 14:18:52.264700850 CST","92:40:1c:4d:15:9e","7e:24:8b:54:c2:dd","10.0.0.2","10.0.0.1","1","0","0","69","98"
"139","1759868333.288597725","Oct  7, 2025 14:18:53.288597725 CST","7e:24:8b:54:c2:dd","92:40:1c:4d:15:9e","10.0.0.1","10.0.0.2","1","8","0","70","98"
"140","1759868333.288631152","Oct  7, 2025 14:18:53.288631152 CST","92:40:1c:4d:15:9e","7e:24:8b:54:c2:dd","10.0.0.2","10.0.0.1","1","0","0","70","98"
"141","1759868334.312478364","Oct  7, 2025 14:18:54.312478364 CST","7e:24:8b:54:c2:dd","92:40:1c:4d:15:9e","10.0.0.1","10.0.0.2","1","8","0","71","98"
"142","1759868334.312515795","Oct  7, 2025 14:18:54.312515795 CST","92:40:1c:4d:15:9e","7e:24:8b:54:c2:dd","10.0.0.2","10.0.0.1","1","0","0","71","98"
"143","1759868335.336606721","Oct  7, 2025 14:18:55.336606721 CST","7e:24:8b:54:c2:dd","92:40:1c:4d:15:9e","10.0.0.1","10.0.0.2","1","8","0","72","98"
"144","1759868335.336642451","Oct  7, 2025 14:18:55.336642451 CST","92:40:1c:4d:15:9e","7e:24:8b:54:c2:dd","10.0.0.2","10.0.0.1","1","0","0","72","98"
"145","1759868336.360604380","Oct  7, 2025 14:18:56.360604380 CST","7e:24:8b:54:c2:dd","92:40:1c:4d:15:9e","10.0.0.1","10.0.0.2","1","8","0","73","98"
"146","1759868336.360636901","Oct  7, 2025 14:18:56.360636901 CST","92:40:1c:4d:15:9e","7e:24:8b:54:c2:dd","10.0.0.2","10.0.0.1","1","0","0","73","98"
"147","1759868337.384532341","Oct  7, 2025 14:18:57.384532341 CST","7e:24:8b:54:c2:dd","92:40:1c:4d:15:9e","10.0.0.1","10.0.0.2","1","8","0","74","98"
"148","1759868337.384577702","Oct  7, 2025 14:18:57.384577702 CST","92:40:1c:4d:15:9e","7e:24:8b:54:c2:dd","10.0.0.2","10.0.0.1","1","0","0","74","98"
"149","1759868338.408530035","Oct  7, 2025 14:18:58.408530035 CST","7e:24:8b:54:c2:dd","92:40:1c:4d:15:9e","10.0.0.1","10.0.0.2","1","8","0","75","98"
"150","1759868338.408563142","Oct  7, 2025 14:18:58.408563142 CST","92:40:1c:4d:15:9e","7e:24:8b:54:c2:dd","10.0.0.2","10.0.0.1","1","0","0","75","98"
"151","1759868339.432467150","Oct  7, 2025 14:18:59.432467150 CST","7e:24:8b:54:c2:dd","92:40:1c:4d:15:9e","10.0.0.1","10.0.0.2","1","8","0","76","98"
"152","1759868339.432500338","Oct  7, 2025 14:18:59.432500338 CST","92:40:1c:4d:15:9e","7e:24:8b:54:c2:dd","10.0.0.2","10.0.0.1","1","0","0","76","98"
"153","1759868340.456582192","Oct  7, 2025 14:19:00.456582192 CST","7e:24:8b:54:c2:dd","92:40:1c:4d:15:9e","10.0.0.1","10.0.0.2","1","8","0","77","98"
"154","1759868340.456628200","Oct  7, 2025 14:19:00.456628200 CST","92:40:1c:4d:15:9e","7e:24:8b:54:c2:dd","10.0.0.2","10.0.0.1","1","0","0","77","98"
"155","1759868341.480467282","Oct  7, 2025 14:19:01.480467282 CST","7e:24:8b:54:c2:dd","92:40:1c:4d:15:9e","10.0.0.1","10.0.0.2","1","8","0","78","98"
"156","1759868341.480500305","Oct  7, 2025 14:19:01.480500305 CST","92:40:1c:4d:15:9e","7e:24:8b:54:c2:dd","10.0.0.2","10.0.0.1","1","0","0","78","98"
"157","1759868342.504560098","Oct  7, 2025 14:19:02.504560098 CST","7e:24:8b:54:c2:dd","92:40:1c:4d:15:9e","10.0.0.1","10.0.0.2","1","8","0","79","98"
"158","1759868342.504591544","Oct  7, 2025 14:19:02.504591544 CST","92:40:1c:4d:15:9e","7e:24:8b:54:c2:dd","10.0.0.2","10.0.0.1","1","0","0","79","98"
"159","1759868343.528658627","Oct  7, 2025 14:19:03.528658627 CST","7e:24:8b:54:c2:dd","92:40:1c:4d:15:9e","10.0.0.1","10.0.0.2","1","8","0","80","98"
"160","1759868343.528690771","Oct  7, 2025 14:19:03.528690771 CST","92:40:1c:4d:15:9e","7e:24:8b:54:c2:dd","10.0.0.2","10.0.0.1","1","0","0","80","98"
"161","1759868344.553569839","Oct  7, 2025 14:19:04.553569839 CST","7e:24:8b:54:c2:dd","92:40:1c:4d:15:9e","10.0.0.1","10.0.0.2","1","8","0","81","98"
"162","1759868344.553604468","Oct  7, 2025 14:19:04.553604468 CST","92:40:1c:4d:15:9e","7e:24:8b:54:c2:dd","10.0.0.2","10.0.0.1","1","0","0","81","98"
"163","1759868345.576515782","Oct  7, 2025 14:19:05.576515782 CST","7e:24:8b:54:c2:dd","92:40:1c:4d:15:9e","10.0.0.1","10.0.0.2","1","8","0","82","98"
"164","1759868345.576547334","Oct  7, 2025 14:19:05.576547334 CST","92:40:1c:4d:15:9e","7e:24:8b:54:c2:dd","10.0.0.2","10.0.0.1","1","0","0","82","98"
"165","1759868346.600551789","Oct  7, 2025 14:19:06.600551789 CST","7e:24:8b:54:c2:dd","92:40:1c:4d:15:9e","10.0.0.1","10.0.0.2","1","8","0","83","98"
"166","1759868346.600595927","Oct  7, 2025 14:19:06.600595927 CST","92:40:1c:4d:15:9e","7e:24:8b:54:c2:dd","10.0.0.2","10.0.0.1","1","0","0","83","98"
"167","1759868347.624673837","Oct  7, 2025 14:19:07.624673837 CST","7e:24:8b:54:c2:dd","92:40:1c:4d:15:9e","10.0.0.1","10.0.0.2","1","8","0","84","98"
"168","1759868347.624719213","Oct  7, 2025 14:19:07.624719213 CST","92:40:1c:4d:15:9e","7e:24:8b:54:c2:dd","10.0.0.2","10.0.0.1","1","0","0","84","98"
"169","1759868348.648667241","Oct  7, 2025 14:19:08.648667241 CST","7e:24:8b:54:c2:dd","92:40:1c:4d:15:9e","10.0.0.1","10.0.0.2","1","8","0","85","98"
"170","1759868348.648698711","Oct  7, 2025 14:19:08.648698711 CST","92:40:1c:4d:15:9e","7e:24:8b:54:c2:dd","10.0.0.2","10.0.0.1","1","0","0","85","98"
"171","1759868349.672612719","Oct  7, 2025 14:19:09.672612719 CST","7e:24:8b:54:c2:dd","92:40:1c:4d:15:9e","10.0.0.1","10.0.0.2","1","8","0","86","98"
"172","1759868349.672645100","Oct  7, 2025 14:19:09.672645100 CST","92:40:1c:4d:15:9e","7e:24:8b:54:c2:dd","10.0.0.2","10.0.0.1","1","0","0","86","98"
"173","1759868350.696643710","Oct  7, 2025 14:19:10.696643710 CST","7e:24:8b:54:c2:dd","92:40:1c:4d:15:9e","10.0.0.1","10.0.0.2","1","8","0","87","98"
"174","1759868350.696677806","Oct  7, 2025 14:19:10.696677806 CST","92:40:1c:4d:15:9e","7e:24:8b:54:c2:dd","10.0.0.2","10.0.0.1","1","0","0","87","98"
"175","1759868351.720548908","Oct  7, 2025 14:19:11.720548908 CST","7e:24:8b:54:c2:dd","92:40:1c:4d:15:9e","10.0.0.1","10.0.0.2","1","8","0","88","98"
"176","1759868351.720590987","Oct  7, 2025 14:19:11.720590987 CST","92:40:1c:4d:15:9e","7e:24:8b:54:c2:dd","10.0.0.2","10.0.0.1","1","0","0","88","98"
"177","1759868352.745561358","Oct  7, 2025 14:19:12.745561358 CST","7e:24:8b:54:c2:dd","92:40:1c:4d:15:9e","10.0.0.1","10.0.0.2","1","8","0","89","98"
"178","1759868352.745592770","Oct  7, 2025 14:19:12.745592770 CST","92:40:1c:4d:15:9e","7e:24:8b:54:c2:dd","10.0.0.2","10.0.0.1","1","0","0","89","98"
"179","1759868353.768655405","Oct  7, 2025 14:19:13.768655405 CST","7e:24:8b:54:c2:dd","92:40:1c:4d:15:9e","10.0.0.1","10.0.0.2","1","8","0","90","98"
"180","1759868353.768698040","Oct  7, 2025 14:19:13.768698040 CST","92:40:1c:4d:15:9e","7e:24:8b:54:c2:dd","10.0.0.2","10.0.0.1","1","0","0","90","98"
"181","1759868354.792518313","Oct  7, 2025 14:19:14.792518313 CST","7e:24:8b:54:c2:dd","92:40:1c:4d:15:9e","10.0.0.1","10.0.0.2","1","8","0","91","98"
"182","1759868354.792554087","Oct  7, 2025 14:19:14.792554087 CST","92:40:1c:4d:15:9e","7e:24:8b:54:c2:dd","10.0.0.2","10.0.0.1","1","0","0","91","98"
"183","1759868355.816511784","Oct  7, 2025 14:19:15.816511784 CST","7e:24:8b:54:c2:dd","92:40:1c:4d:15:9e","10.0.0.1","10.0.0.2","1","8","0","92","98"
"184","1759868355.816540257","Oct  7, 2025 14:19:15.816540257 CST","92:40:1c:4d:15:9e","7e:24:8b:54:c2:dd","10.0.0.2","10.0.0.1","1","0","0","92","98"
"185","1759868356.840645053","Oct  7, 2025 14:19:16.840645053 CST","7e:24:8b:54:c2:dd","92:40:1c:4d:15:9e","10.0.0.1","10.0.0.2","1","8","0","93","98"
"186","1759868356.840679581","Oct  7, 2025 14:19:16.840679581 CST","92:40:1c:4d:15:9e","7e:24:8b:54:c2:dd","10.0.0.2","10.0.0.1","1","0","0","93","98"
"187","1759868357.865561225","Oct  7, 2025 14:19:17.865561225 CST","7e:24:8b:54:c2:dd","92:40:1c:4d:15:9e","10.0.0.1","10.0.0.2","1","8","0","94","98"
"188","1759868357.865594147","Oct  7, 2025 14:19:17.865594147 CST","92:40:1c:4d:15:9e","7e:24:8b:54:c2:dd","10.0.0.2","10.0.0.1","1","0","0","94","98"
"189","1759868358.888651083","Oct  7, 2025 14:19:18.888651083 CST","7e:24:8b:54:c2:dd","92:40:1c:4d:15:9e","10.0.0.1","10.0.0.2","1","8","0","95","98"
"190","1759868358.888685212","Oct  7, 2025 14:19:18.888685212 CST","92:40:1c:4d:15:9e","7e:24:8b:54:c2:dd","10.0.0.2","10.0.0.1","1","0","0","95","98"
"191","1759868359.912455333","Oct  7, 2025 14:19:19.912455333 CST","7e:24:8b:54:c2:dd","92:40:1c:4d:15:9e","10.0.0.1","10.0.0.2","1","8","0","96","98"
"192","1759868359.912489291","Oct  7, 2025 14:19:19.912489291 CST","92:40:1c:4d:15:9e","7e:24:8b:54:c2:dd","10.0.0.2","10.0.0.1","1","0","0","96","98"
"193","1759868360.937625134","Oct  7, 2025 14:19:20.937625134 CST","7e:24:8b:54:c2:dd","92:40:1c:4d:15:9e","10.0.0.1","10.0.0.2","1","8","0","97","98"
"194","1759868360.937666714","Oct  7, 2025 14:19:20.937666714 CST","92:40:1c:4d:15:9e","7e:24:8b:54:c2:dd","10.0.0.2","10.0.0.1","1","0","0","97","98"
"195","1759868361.960483087","Oct  7, 2025 14:19:21.960483087 CST","7e:24:8b:54:c2:dd","92:40:1c:4d:15:9e","10.0.0.1","10.0.0.2","1","8","0","98","98"
"196","1759868361.960517068","Oct  7, 2025 14:19:21.960517068 CST","92:40:1c:4d:15:9e","7e:24:8b:54:c2:dd","10.0.0.2","10.0.0.1","1","0","0","98","98"
"197","1759868362.984585292","Oct  7, 2025 14:19:22.984585292 CST","7e:24:8b:54:c2:dd","92:40:1c:4d:15:9e","10.0.0.1","10.0.0.2","1","8","0","99","98"
"198","1759868362.984618053","Oct  7, 2025 14:19:22.984618053 CST","92:40:1c:4d:15:9e","7e:24:8b:54:c2:dd","10.0.0.2","10.0.0.1","1","0","0","99","98"
"199","1759868364.008534129","Oct  7, 2025 14:19:24.008534129 CST","7e:24:8b:54:c2:dd","92:40:1c:4d:15:9e","10.0.0.1","10.0.0.2","1","8","0","100","98"
"200","1759868364.008570089","Oct  7, 2025 14:19:24.008570089 CST","92:40:1c:4d:15:9e","7e:24:8b:54:c2:dd","10.0.0.2","10.0.0.1","1","0","0","100","98"
